<?xml version="1.0" encoding="UTF-8"?>
<section name="Workbench">
	<section name="WorkbenchPreferenceDialogSettings">
		<item value="651" key="DIALOG_X_ORIGIN"/>
		<item value="82" key="DIALOG_Y_ORIGIN"/>
	</section>
	<section name="org.eclipse.ui.internal.QuickAccess">
		<item value="760" key="dialogHeight"/>
		<item value="1440" key="dialogWidth"/>
		<list key="textEntries">
		</list>
		<list key="orderedElements">
		</list>
		<list key="orderedProviders">
		</list>
		<list key="textArray">
		</list>
	</section>
	<section name="ImportExportAction">
		<item value="org.eclipse.ui.wizards.import.ExternalProject" key="ImportExportPage.STORE_SELECTED_IMPORT_WIZARD_ID"/>
		<list key="ImportExportPage.STORE_EXPANDED_IMPORT_CATEGORIES">
			<item value="org.eclipse.ui.Basic"/>
		</list>
	</section>
</section>
